-- Teaterstykker
INSERT INTO Teaterstykke (Tittel, Dramatiker) VALUES ('Kongsemnene', 'Henrik Ibsen');
INSERT INTO Teaterstykke (Tittel, Dramatiker) VALUES ('Størst av alt er kjærligheten', 'Jonas Corell Petersen');

-- Akt
INSERT INTO Akt (AktNr, Tittel, Navn) VALUES (1, 'Kongsemnene', NULL);
INSERT INTO Akt (AktNr, Tittel, Navn) VALUES (2, 'Kongsemnene', NULL);
INSERT INTO Akt (AktNr, Tittel, Navn) VALUES (3, 'Kongsemnene', NULL);
INSERT INTO Akt (AktNr, Tittel, Navn) VALUES (4, 'Kongsemnene', NULL);
INSERT INTO Akt (AktNr, Tittel, Navn) VALUES (5, 'Kongsemnene', NULL);

-- Skuespiller 
INSERT INTO Skuespiller (SkuespillerID, Fornavn, Etternavn) VALUES (1, 'Arturo', 'Scotti');
INSERT INTO Skuespiller (SkuespillerID, Fornavn, Etternavn) VALUES (2, 'Ingunn Beate', 'Stige Øyen');
INSERT INTO Skuespiller (SkuespillerID, Fornavn, Etternavn) VALUES (3, 'Hans Petter', 'Nilsen');
INSERT INTO Skuespiller (SkuespillerID, Fornavn, Etternavn) VALUES (4, 'Madeleine', 'Brandtzæg Nilsen');
INSERT INTO Skuespiller (SkuespillerID, Fornavn, Etternavn) VALUES (5, 'Synnøve', 'Fossum Eriksen');
INSERT INTO Skuespiller (SkuespillerID, Fornavn, Etternavn) VALUES (6, 'Emma Caroline', 'Deichmann');
INSERT INTO Skuespiller (SkuespillerID, Fornavn, Etternavn) VALUES (7, 'Thomas', 'Jensen Takyi');
INSERT INTO Skuespiller (SkuespillerID, Fornavn, Etternavn) VALUES (8, 'Per', 'Bogstad Gulliksen');
INSERT INTO Skuespiller (SkuespillerID, Fornavn, Etternavn) VALUES (9, 'Isak', 'Holmen Sørensen');
INSERT INTO Skuespiller (SkuespillerID, Fornavn, Etternavn) VALUES (10, 'Fabian', 'Heidelberg Lunde');
INSERT INTO Skuespiller (SkuespillerID, Fornavn, Etternavn) VALUES (11, 'Emil', 'Olafsson');
INSERT INTO Skuespiller (SkuespillerID, Fornavn, Etternavn) VALUES (12, 'Snorre', 'Ryen Tøndel');
INSERT INTO Skuespiller (SkuespillerID, Fornavn, Etternavn) VALUES (13, 'Sunniva', 'Du Mond Nordal');
INSERT INTO Skuespiller (SkuespillerID, Fornavn, Etternavn) VALUES (14, 'Jo', 'Saberniak');
INSERT INTO Skuespiller (SkuespillerID, Fornavn, Etternavn) VALUES (15, 'Marte', 'Steinholt');
INSERT INTO Skuespiller (SkuespillerID, Fornavn, Etternavn) VALUES (16, 'Tor Ivar', 'Hagen');
INSERT INTO Skuespiller (SkuespillerID, Fornavn, Etternavn) VALUES (17,'Trond-Ove', 'Skrødal');
INSERT INTO Skuespiller (SkuespillerID, Fornavn, Etternavn) VALUES (18, 'Natalie', 'Grøndahl Tangen');
INSERT INTO Skuespiller (SkuespillerID, Fornavn, Etternavn) VALUES (19, 'Åsmund', 'Flaten');


-- Rolle
INSERT INTO Rolle (RolleNavn, SkuespillerID) VALUES ('Håkon Håkonson', 1);
INSERT INTO Rolle (RolleNavn, SkuespillerID) VALUES ('Dagfinn Bonde', 11);
INSERT INTO Rolle (RolleNavn, SkuespillerID) VALUES ('Jatgeir Skald', 11);
INSERT INTO Rolle (RolleNavn, SkuespillerID) VALUES ('Sigrid', 6);
INSERT INTO Rolle (RolleNavn, SkuespillerID) VALUES ('Ingeborg', 6);
INSERT INTO Rolle (RolleNavn, SkuespillerID) VALUES ('Guttorm Ingesson', 8);
INSERT INTO Rolle (RolleNavn, SkuespillerID) VALUES ('Skule Jarl', 3);
INSERT INTO Rolle (RolleNavn, SkuespillerID) VALUES ('Inga frå Vartejg', 2);
INSERT INTO Rolle (RolleNavn, SkuespillerID) VALUES ('Paal Flida', 9);
INSERT INTO Rolle (RolleNavn, SkuespillerID) VALUES ('Ragnhild', 4);
INSERT INTO Rolle (RolleNavn, SkuespillerID) VALUES ('Gregorius Jonsson', 8);
INSERT INTO Rolle (RolleNavn, SkuespillerID) VALUES ('Margrete', 5);
INSERT INTO Rolle (RolleNavn, SkuespillerID) VALUES ('Biskop Nikolas', 7);
INSERT INTO Rolle (RolleNavn, SkuespillerID) VALUES ('Peter', 12);
INSERT INTO Rolle (RolleNavn, SkuespillerID) VALUES ('Sunniva Du Mond Nordal', 13);
INSERT INTO Rolle (RolleNavn, SkuespillerID) VALUES ('Jo Saberniak', 14);
INSERT INTO Rolle (RolleNavn, SkuespillerID) VALUES ('Marte Steinholt', 15);
INSERT INTO Rolle (RolleNavn, SkuespillerID) VALUES ('Tor Ivar Hagen', 16);
INSERT INTO Rolle (RolleNavn, SkuespillerID) VALUES ('Trond-Ove Skrødal', 17);
INSERT INTO Rolle (RolleNavn, SkuespillerID) VALUES ('Natalie Grøndahl Tangen', 18);
INSERT INTO Rolle (RolleNavn, SkuespillerID) VALUES ('Åsmund Flaten', 19);

-- AktRolleForhold
INSERT INTO AktRolleForhold (AktNr, Tittel, RolleNavn) VALUES (1, 'Kongsemnene', 'Håkon Håkonson');
INSERT INTO AktRolleForhold (AktNr, Tittel, RolleNavn) VALUES (1, 'Kongsemnene', 'Dagfinn Bonde');
INSERT INTO AktRolleForhold (AktNr, Tittel, RolleNavn) VALUES (1, 'Kongsemnene', 'Sigrid');
INSERT INTO AktRolleForhold (AktNr, Tittel, RolleNavn) VALUES (1, 'Kongsemnene', 'Skule Jarl');
INSERT INTO AktRolleForhold (AktNr, Tittel, RolleNavn) VALUES (1, 'Kongsemnene', 'Inga frå Vartejg');
INSERT INTO AktRolleForhold (AktNr, Tittel, RolleNavn) VALUES (1, 'Kongsemnene', 'Paal Flida');
INSERT INTO AktRolleForhold (AktNr, Tittel, RolleNavn) VALUES (1, 'Kongsemnene', 'Gregorius Jonsson');
INSERT INTO AktRolleForhold (AktNr, Tittel, RolleNavn) VALUES (1, 'Kongsemnene', 'Margrete');
INSERT INTO AktRolleForhold (AktNr, Tittel, RolleNavn) VALUES (1, 'Kongsemnene', 'Biskop Nikolas');
INSERT INTO AktRolleForhold (AktNr, Tittel, RolleNavn) VALUES (1, 'Kongsemnene', 'Skule Jarl');
INSERT INTO AktRolleForhold (AktNr, Tittel, RolleNavn) VALUES (1, 'Kongsemnene', 'Peter');
INSERT INTO AktRolleForhold (AktNr, Tittel, RolleNavn) VALUES (2, 'Kongsemnene', 'Håkon Håkonson');
INSERT INTO AktRolleForhold (AktNr, Tittel, RolleNavn) VALUES (2, 'Kongsemnene', 'Dagfinn Bonde');
INSERT INTO AktRolleForhold (AktNr, Tittel, RolleNavn) VALUES (2, 'Kongsemnene', 'Sigrid');
INSERT INTO AktRolleForhold (AktNr, Tittel, RolleNavn) VALUES (2, 'Kongsemnene', 'Skule Jarl');
INSERT INTO AktRolleForhold (AktNr, Tittel, RolleNavn) VALUES (2, 'Kongsemnene', 'Inga frå Vartejg');
INSERT INTO AktRolleForhold (AktNr, Tittel, RolleNavn) VALUES (2, 'Kongsemnene', 'Paal Flida');
INSERT INTO AktRolleForhold (AktNr, Tittel, RolleNavn) VALUES (2, 'Kongsemnene', 'Gregorius Jonsson');
INSERT INTO AktRolleForhold (AktNr, Tittel, RolleNavn) VALUES (2, 'Kongsemnene', 'Margrete');
INSERT INTO AktRolleForhold (AktNr, Tittel, RolleNavn) VALUES (2, 'Kongsemnene', 'Biskop Nikolas');
INSERT INTO AktRolleForhold (AktNr, Tittel, RolleNavn) VALUES (2, 'Kongsemnene', 'Peter');
INSERT INTO AktRolleForhold (AktNr, Tittel, RolleNavn) VALUES (3, 'Kongsemnene', 'Håkon Håkonson');
INSERT INTO AktRolleForhold (AktNr, Tittel, RolleNavn) VALUES (3, 'Kongsemnene', 'Dagfinn Bonde');
INSERT INTO AktRolleForhold (AktNr, Tittel, RolleNavn) VALUES (3, 'Kongsemnene', 'Skule Jarl');
INSERT INTO AktRolleForhold (AktNr, Tittel, RolleNavn) VALUES (3, 'Kongsemnene', 'Paal Flida');
INSERT INTO AktRolleForhold (AktNr, Tittel, RolleNavn) VALUES (3, 'Kongsemnene', 'Gregorius Jonsson');
INSERT INTO AktRolleForhold (AktNr, Tittel, RolleNavn) VALUES (3, 'Kongsemnene', 'Margrete');
INSERT INTO AktRolleForhold (AktNr, Tittel, RolleNavn) VALUES (4, 'Kongsemnene', 'Håkon Håkonson');
INSERT INTO AktRolleForhold (AktNr, Tittel, RolleNavn) VALUES (4, 'Kongsemnene', 'Dagfinn Bonde');
INSERT INTO AktRolleForhold (AktNr, Tittel, RolleNavn) VALUES (4, 'Kongsemnene', 'Jatgeir Skald');
INSERT INTO AktRolleForhold (AktNr, Tittel, RolleNavn) VALUES (4, 'Kongsemnene', 'Ingeborg');
INSERT INTO AktRolleForhold (AktNr, Tittel, RolleNavn) VALUES (4, 'Kongsemnene', 'Skule Jarl');
INSERT INTO AktRolleForhold (AktNr, Tittel, RolleNavn) VALUES (4, 'Kongsemnene', 'Paal Flida');
INSERT INTO AktRolleForhold (AktNr, Tittel, RolleNavn) VALUES (4, 'Kongsemnene', 'Gregorius Jonsson');
INSERT INTO AktRolleForhold (AktNr, Tittel, RolleNavn) VALUES (4, 'Kongsemnene', 'Margrete');
INSERT INTO AktRolleForhold (AktNr, Tittel, RolleNavn) VALUES (5, 'Kongsemnene', 'Håkon Håkonson');
INSERT INTO AktRolleForhold (AktNr, Tittel, RolleNavn) VALUES (5, 'Kongsemnene', 'Dagfinn Bonde');
INSERT INTO AktRolleForhold (AktNr, Tittel, RolleNavn) VALUES (5, 'Kongsemnene', 'Sigrid');
INSERT INTO AktRolleForhold (AktNr, Tittel, RolleNavn) VALUES (5, 'Kongsemnene', 'Paal Flida');
INSERT INTO AktRolleForhold (AktNr, Tittel, RolleNavn) VALUES (5, 'Kongsemnene', 'Ragnhild');
INSERT INTO AktRolleForhold (AktNr, Tittel, RolleNavn) VALUES (5, 'Kongsemnene', 'Gregorius Jonsson');
INSERT INTO AktRolleForhold (AktNr, Tittel, RolleNavn) VALUES (5, 'Kongsemnene', 'Margrete');
INSERT INTO AktRolleForhold (AktNr, Tittel, RolleNavn) VALUES (5, 'Kongsemnene', 'Biskop Nikolas');
INSERT INTO AktRolleForhold (AktNr, Tittel, RolleNavn) VALUES (5, 'Kongsemnene', 'Peter');


-- Kulisser
INSERT INTO Kulisser (KulissID, KulissType, Tittel) VALUES (NULL, NULL, NULL);

-- Ansatt
INSERT INTO Ansatt (AnsattID, Fornavn, Etternavn, Epost, AnsattStatus, AnsattType) VALUES (1, 'Yury', 'Butusov', NULL, 'Fast', 'Regissør');
INSERT INTO Ansatt (AnsattID, Fornavn, Etternavn, Epost, AnsattStatus, AnsattType) VALUES (2, 'Aleksandr', 'Shishkinhokusai', NULL, 'Fast', 'Scenograf');
INSERT INTO Ansatt (AnsattID, Fornavn, Etternavn, Epost, AnsattStatus, AnsattType) VALUES (3, 'Eivind', 'Myren', NULL, 'Fast', 'Lysdesigner');
INSERT INTO Ansatt (AnsattID, Fornavn, Etternavn, Epost, AnsattStatus, AnsattType) VALUES (4, 'Mina', 'Rype Stokke', NULL, 'Fast', 'Dramaturg');
INSERT INTO Ansatt (AnsattID, Fornavn, Etternavn, Epost, AnsattStatus, AnsattType) VALUES (5, 'Jonas', 'Corell Petersen', NULL, 'Fast', 'Regissør');
INSERT INTO Ansatt (AnsattID, Fornavn, Etternavn, Epost, AnsattStatus, AnsattType) VALUES (6, 'David', 'Gehrt', NULL, 'Fast', 'Scenograf');
INSERT INTO Ansatt (AnsattID, Fornavn, Etternavn, Epost, AnsattStatus, AnsattType) VALUES (7, 'Gaute', 'Tønder', NULL, 'Fast', 'Lyddesigner');
INSERT INTO Ansatt (AnsattID, Fornavn, Etternavn, Epost, AnsattStatus, AnsattType) VALUES (8, 'Magnus', 'Mikaelsen', NULL, 'Fast', 'Lysdesigner');
INSERT INTO Ansatt (AnsattID, Fornavn, Etternavn, Epost, AnsattStatus, AnsattType) VALUES (9, 'Kristoffer', 'Spender', NULL, 'Fast', 'Dramaturg');

-- JobberPå
INSERT INTO JobberPå (AnsattID, Tittel) VALUES (1, 'Kongsemnene');
INSERT INTO JobberPå (AnsattID, Tittel) VALUES (2, 'Kongsemnene');
INSERT INTO JobberPå (AnsattID, Tittel) VALUES (3, 'Kongsemnene');
INSERT INTO JobberPå (AnsattID, Tittel) VALUES (4, 'Kongsemnene');
INSERT INTO JobberPå (AnsattID, Tittel) VALUES (5, 'Størst av alt er kjærligheten');
INSERT INTO JobberPå (AnsattID, Tittel) VALUES (6, 'Størst av alt er kjærligheten');
INSERT INTO JobberPå (AnsattID, Tittel) VALUES (7, 'Størst av alt er kjærligheten');
INSERT INTO JobberPå (AnsattID, Tittel) VALUES (8, 'Størst av alt er kjærligheten');
INSERT INTO JobberPå (AnsattID, Tittel) VALUES (9, 'Størst av alt er kjærligheten');

-- Sal
INSERT INTO Sal (SalID, Navn, AntallPlasser) VALUES (1, 'Hovedscenen', 516);
INSERT INTO Sal (SalID, Navn, AntallPlasser) VALUES (2, 'Gamle scene', 332);
INSERT INTO Sal (SalID, Navn, AntallPlasser) VALUES (3, 'Studioscenen', 150);
INSERT INTO Sal (SalID, Navn, AntallPlasser) VALUES (4, 'Teaterscenen', 60);
INSERT INTO Sal (SalID, Navn, AntallPlasser) VALUES (5, 'Teaterkafeen', 100);


-- Fremvises
INSERT INTO Fremvises (Tittel, SalID) VALUES ('Kongsemnene', 1);
INSERT INTO Fremvises (Tittel, SalID) VALUES ('Størst av alt er kjærligheten', 2);


-- Forestillinger

-- Forestillinger for Kongsemnene
INSERT INTO Forestilling (Tittel, Dato, Starttid) VALUES ('Kongsemnene', '2024-02-01', '19:00:00');
INSERT INTO Forestilling (Tittel, Dato, Starttid) VALUES ('Kongsemnene', '2024-02-02', '19:00:00');
INSERT INTO Forestilling (Tittel, Dato, Starttid) VALUES ('Kongsemnene', '2024-02-03', '19:00:00');
INSERT INTO Forestilling (Tittel, Dato, Starttid) VALUES ('Kongsemnene', '2024-02-05', '19:00:00');
INSERT INTO Forestilling (Tittel, Dato, Starttid) VALUES ('Kongsemnene', '2024-02-06', '19:00:00');

-- Forestillinger for Størst av alt er kjærligheten
INSERT INTO Forestilling (Tittel, Dato, Starttid) VALUES ('Størst av alt er kjærligheten', '2024-02-03', '18:30:00');
INSERT INTO Forestilling (Tittel, Dato, Starttid) VALUES ('Størst av alt er kjærligheten', '2024-02-06', '18:30:00');
INSERT INTO Forestilling (Tittel, Dato, Starttid) VALUES ('Størst av alt er kjærligheten', '2024-02-07', '18:30:00');
INSERT INTO Forestilling (Tittel, Dato, Starttid) VALUES ('Størst av alt er kjærligheten', '2024-02-12', '18:30:00');
INSERT INTO Forestilling (Tittel, Dato, Starttid) VALUES ('Størst av alt er kjærligheten', '2024-02-13', '18:30:00');
INSERT INTO Forestilling (Tittel, Dato, Starttid) VALUES ('Størst av alt er kjærligheten', '2024-02-14', '18:30:00');

-- Stol
INSERT INTO Stol (StolID, StolNr, RadNr, Område, SalID) VALUES (1, 1, 1, 'Parkett', 2);
INSERT INTO Stol (StolID, StolNr, RadNr, Område, SalID) VALUES (2, 2, 1, 'Parkett', 2);
INSERT INTO Stol (StolID, StolNr, RadNr, Område, SalID) VALUES (3, 3, 1, 'Parkett', 2);
INSERT INTO Stol (StolID, StolNr, RadNr, Område, SalID) VALUES (4, 4, 1, 'Parkett', 2);
INSERT INTO Stol (StolID, StolNr, RadNr, Område, SalID) VALUES (5, 5, 1, 'Parkett', 2);
INSERT INTO Stol (StolID, StolNr, RadNr, Område, SalID) VALUES (6, 6, 1, 'Parkett', 2);
INSERT INTO Stol (StolID, StolNr, RadNr, Område, SalID) VALUES (7, 7, 1, 'Parkett', 2);
INSERT INTO Stol (StolID, StolNr, RadNr, Område, SalID) VALUES (8, 8, 1, 'Parkett', 2);
INSERT INTO Stol (StolID, StolNr, RadNr, Område, SalID) VALUES (9, 9, 1, 'Parkett', 2);
INSERT INTO Stol (StolID, StolNr, RadNr, Område, SalID) VALUES (10, 10, 1, 'Parkett', 2);
INSERT INTO Stol (StolID, StolNr, RadNr, Område, SalID) VALUES (11, 11, 1, 'Parkett', 2);
INSERT INTO Stol (StolID, StolNr, RadNr, Område, SalID) VALUES (12, 12, 1, 'Parkett', 2);
INSERT INTO Stol (StolID, StolNr, RadNr, Område, SalID) VALUES (13, 13, 1, 'Parkett', 2);
INSERT INTO Stol (StolID, StolNr, RadNr, Område, SalID) VALUES (14, 14, 1, 'Parkett', 2);
INSERT INTO Stol (StolID, StolNr, RadNr, Område, SalID) VALUES (15, 15, 1, 'Parkett', 2);
INSERT INTO Stol (StolID, StolNr, RadNr, Område, SalID) VALUES (16, 16, 1, 'Parkett', 2);
INSERT INTO Stol (StolID, StolNr, RadNr, Område, SalID) VALUES (17, 17, 1, 'Parkett', 2);
INSERT INTO Stol (StolID, StolNr, RadNr, Område, SalID) VALUES (18, 18, 1, 'Parkett', 2);
INSERT INTO Stol (StolID, StolNr, RadNr, Område, SalID) VALUES (19, 1, 2, 'Parkett', 2);
INSERT INTO Stol (StolID, StolNr, RadNr, Område, SalID) VALUES (20, 2, 2, 'Parkett', 2);
INSERT INTO Stol (StolID, StolNr, RadNr, Område, SalID) VALUES (21, 3, 2, 'Parkett', 2);
INSERT INTO Stol (StolID, StolNr, RadNr, Område, SalID) VALUES (22, 4, 2, 'Parkett', 2);
INSERT INTO Stol (StolID, StolNr, RadNr, Område, SalID) VALUES (23, 5, 2, 'Parkett', 2);
INSERT INTO Stol (StolID, StolNr, RadNr, Område, SalID) VALUES (24, 6, 2, 'Parkett', 2);
INSERT INTO Stol (StolID, StolNr, RadNr, Område, SalID) VALUES (25, 7, 2, 'Parkett', 2);
INSERT INTO Stol (StolID, StolNr, RadNr, Område, SalID) VALUES (26, 8, 2, '', 2);
INSERT INTO Stol (StolID, StolNr, RadNr, Område, SalID) VALUES (27, 9, 2, '', 2);
INSERT INTO Stol (StolID, StolNr, RadNr, Område, SalID) VALUES (28, 10, 2, '', 2);
INSERT INTO Stol (StolID, StolNr, RadNr, Område, SalID) VALUES (29, 11, 2, '', 2);
INSERT INTO Stol (StolID, StolNr, RadNr, Område, SalID) VALUES (30, 12, 2, '', 2);
INSERT INTO Stol (StolID, StolNr, RadNr, Område, SalID) VALUES (31, 13, 2, '', 2);
INSERT INTO Stol (StolID, StolNr, RadNr, Område, SalID) VALUES (32, 14, 2, '', 2);
INSERT INTO Stol (StolID, StolNr, RadNr, Område, SalID) VALUES (33, 15, 2, '', 2);
INSERT INTO Stol (StolID, StolNr, RadNr, Område, SalID) VALUES (34, 16, 2, '', 2);
INSERT INTO Stol (StolID, StolNr, RadNr, Område, SalID) VALUES (35, 1, 3, '', 2);
INSERT INTO Stol (StolID, StolNr, RadNr, Område, SalID) VALUES (36, 2, 3, '', 2);
INSERT INTO Stol (StolID, StolNr, RadNr, Område, SalID) VALUES (37, 3, 3, '', 2);
INSERT INTO Stol (StolID, StolNr, RadNr, Område, SalID) VALUES (38, 4, 3, '', 2);
INSERT INTO Stol (StolID, StolNr, RadNr, Område, SalID) VALUES (39, 5, 3, '', 2);
INSERT INTO Stol (StolID, StolNr, RadNr, Område, SalID) VALUES (40, 6, 3, '', 2);
INSERT INTO Stol (StolID, StolNr, RadNr, Område, SalID) VALUES (41, 7, 3, '', 2);
INSERT INTO Stol (StolID, StolNr, RadNr, Område, SalID) VALUES (42, 8, 3, '', 2);
INSERT INTO Stol (StolID, StolNr, RadNr, Område, SalID) VALUES (43, 9, 3, '', 2);
INSERT INTO Stol (StolID, StolNr, RadNr, Område, SalID) VALUES (44, 10, 3, '', 2);
INSERT INTO Stol (StolID, StolNr, RadNr, Område, SalID) VALUES (45, 11, 3, '', 2);
INSERT INTO Stol (StolID, StolNr, RadNr, Område, SalID) VALUES (46, 12, 3, '', 2);
INSERT INTO Stol (StolID, StolNr, RadNr, Område, SalID) VALUES (47, 13, 3, '', 2);
INSERT INTO Stol (StolID, StolNr, RadNr, Område, SalID) VALUES (48, 14, 3, '', 2);
INSERT INTO Stol (StolID, StolNr, RadNr, Område, SalID) VALUES (49, 15, 3, '', 2);
INSERT INTO Stol (StolID, StolNr, RadNr, Område, SalID) VALUES (50, 16, 3, '', 2);
INSERT INTO Stol (StolID, StolNr, RadNr, Område, SalID) VALUES (51, 17, 3, '', 2);
INSERT INTO Stol (StolID, StolNr, RadNr, Område, SalID) VALUES (52, 1, 4, '', 2);
INSERT INTO Stol (StolID, StolNr, RadNr, Område, SalID) VALUES (53, 2, 4, '', 2);
INSERT INTO Stol (StolID, StolNr, RadNr, Område, SalID) VALUES (54, 3, 4, '', 2);
INSERT INTO Stol (StolID, StolNr, RadNr, Område, SalID) VALUES (55, 4, 4, '', 2);
INSERT INTO Stol (StolID, StolNr, RadNr, Område, SalID) VALUES (56, 5, 4, '', 2);
INSERT INTO Stol (StolID, StolNr, RadNr, Område, SalID) VALUES (57, 6, 4, '', 2);
INSERT INTO Stol (StolID, StolNr, RadNr, Område, SalID) VALUES (58, 7, 4, '', 2);
INSERT INTO Stol (StolID, StolNr, RadNr, Område, SalID) VALUES (59, 8, 4, '', 2);
INSERT INTO Stol (StolID, StolNr, RadNr, Område, SalID) VALUES (60, 9, 4, '', 2);
INSERT INTO Stol (StolID, StolNr, RadNr, Område, SalID) VALUES (61, 10, 4, '', 2);
INSERT INTO Stol (StolID, StolNr, RadNr, Område, SalID) VALUES (62, 11, 4, '', 2);
INSERT INTO Stol (StolID, StolNr, RadNr, Område, SalID) VALUES (63, 12, 4, '', 2);
INSERT INTO Stol (StolID, StolNr, RadNr, Område, SalID) VALUES (64, 13, 4, '', 2);
INSERT INTO Stol (StolID, StolNr, RadNr, Område, SalID) VALUES (65, 14, 4, '', 2);
INSERT INTO Stol (StolID, StolNr, RadNr, Område, SalID) VALUES (66, 15, 4, '', 2);
INSERT INTO Stol (StolID, StolNr, RadNr, Område, SalID) VALUES (67, 16, 4, '', 2);
INSERT INTO Stol (StolID, StolNr, RadNr, Område, SalID) VALUES (68, 17, 4, '', 2);
INSERT INTO Stol (StolID, StolNr, RadNr, Område, SalID) VALUES (69, 18, 4, '', 2);
INSERT INTO Stol (StolID, StolNr, RadNr, Område, SalID) VALUES (70, 1, 5, '', 2);
INSERT INTO Stol (StolID, StolNr, RadNr, Område, SalID) VALUES (71, 2, 5, '', 2);
INSERT INTO Stol (StolID, StolNr, RadNr, Område, SalID) VALUES (72, 3, 5, '', 2);
INSERT INTO Stol (StolID, StolNr, RadNr, Område, SalID) VALUES (73, 4, 5, '', 2);
INSERT INTO Stol (StolID, StolNr, RadNr, Område, SalID) VALUES (74, 5, 5, '', 2);
INSERT INTO Stol (StolID, StolNr, RadNr, Område, SalID) VALUES (75, 6, 5, '', 2);
INSERT INTO Stol (StolID, StolNr, RadNr, Område, SalID) VALUES (76, 7, 5, '', 2);
INSERT INTO Stol (StolID, StolNr, RadNr, Område, SalID) VALUES (77, 8, 5, '', 2);
INSERT INTO Stol (StolID, StolNr, RadNr, Område, SalID) VALUES (78, 9, 5, '', 2);
INSERT INTO Stol (StolID, StolNr, RadNr, Område, SalID) VALUES (79, 10, 5, '', 2);
INSERT INTO Stol (StolID, StolNr, RadNr, Område, SalID) VALUES (80, 11, 5, '', 2);
INSERT INTO Stol (StolID, StolNr, RadNr, Område, SalID) VALUES (81, 12, 5, '', 2);
INSERT INTO Stol (StolID, StolNr, RadNr, Område, SalID) VALUES (82, 13, 5, '', 2);
INSERT INTO Stol (StolID, StolNr, RadNr, Område, SalID) VALUES (83, 14, 5, '', 2);
INSERT INTO Stol (StolID, StolNr, RadNr, Område, SalID) VALUES (84, 15, 5, '', 2);
INSERT INTO Stol (StolID, StolNr, RadNr, Område, SalID) VALUES (85, 16, 5, '', 2);
INSERT INTO Stol (StolID, StolNr, RadNr, Område, SalID) VALUES (86, 17, 5, '', 2);
INSERT INTO Stol (StolID, StolNr, RadNr, Område, SalID) VALUES (87, 18, 5, '', 2);
INSERT INTO Stol (StolID, StolNr, RadNr, Område, SalID) VALUES (88, 1, 6, '', 2);
INSERT INTO Stol (StolID, StolNr, RadNr, Område, SalID) VALUES (89, 2, 6, '', 2);
INSERT INTO Stol (StolID, StolNr, RadNr, Område, SalID) VALUES (90, 3, 6, '', 2);
INSERT INTO Stol (StolID, StolNr, RadNr, Område, SalID) VALUES (91, 4, 6, '', 2);
INSERT INTO Stol (StolID, StolNr, RadNr, Område, SalID) VALUES (92, 5, 6, '', 2);
INSERT INTO Stol (StolID, StolNr, RadNr, Område, SalID) VALUES (93, 6, 6, '', 2);
INSERT INTO Stol (StolID, StolNr, RadNr, Område, SalID) VALUES (94, 7, 6, '', 2);
INSERT INTO Stol (StolID, StolNr, RadNr, Område, SalID) VALUES (95, 8, 6, '', 2);
INSERT INTO Stol (StolID, StolNr, RadNr, Område, SalID) VALUES (96, 9, 6, '', 2);
INSERT INTO Stol (StolID, StolNr, RadNr, Område, SalID) VALUES (97, 10, 6, '', 2);
INSERT INTO Stol (StolID, StolNr, RadNr, Område, SalID) VALUES (98, 11, 6, '', 2);
INSERT INTO Stol (StolID, StolNr, RadNr, Område, SalID) VALUES (99, 12, 6, '', 2);
INSERT INTO Stol (StolID, StolNr, RadNr, Område, SalID) VALUES (100, 13, 6, '', 2);
INSERT INTO Stol (StolID, StolNr, RadNr, Område, SalID) VALUES (101, 14, 6, '', 2);
INSERT INTO Stol (StolID, StolNr, RadNr, Område, SalID) VALUES (102, 15, 6, '', 2);
INSERT INTO Stol (StolID, StolNr, RadNr, Område, SalID) VALUES (103, 16, 6, '', 2);
INSERT INTO Stol (StolID, StolNr, RadNr, Område, SalID) VALUES (104, 17, 6, '', 2);
INSERT INTO Stol (StolID, StolNr, RadNr, Område, SalID) VALUES (105, 1, 7, '', 2);
INSERT INTO Stol (StolID, StolNr, RadNr, Område, SalID) VALUES (106, 2, 7, '', 2);
INSERT INTO Stol (StolID, StolNr, RadNr, Område, SalID) VALUES (107, 3, 7, '', 2);
INSERT INTO Stol (StolID, StolNr, RadNr, Område, SalID) VALUES (108, 4, 7, '', 2);
INSERT INTO Stol (StolID, StolNr, RadNr, Område, SalID) VALUES (109, 5, 7, '', 2);
INSERT INTO Stol (StolID, StolNr, RadNr, Område, SalID) VALUES (110, 6, 7, '', 2);
INSERT INTO Stol (StolID, StolNr, RadNr, Område, SalID) VALUES (111, 7, 7, '', 2);
INSERT INTO Stol (StolID, StolNr, RadNr, Område, SalID) VALUES (112, 8, 7, '', 2);
INSERT INTO Stol (StolID, StolNr, RadNr, Område, SalID) VALUES (113, 9, 7, '', 2);
INSERT INTO Stol (StolID, StolNr, RadNr, Område, SalID) VALUES (114, 10, 7, '', 2);
INSERT INTO Stol (StolID, StolNr, RadNr, Område, SalID) VALUES (115, 11, 7, '', 2);
INSERT INTO Stol (StolID, StolNr, RadNr, Område, SalID) VALUES (116, 12, 7, '', 2);
INSERT INTO Stol (StolID, StolNr, RadNr, Område, SalID) VALUES (117, 13, 7, '', 2);
INSERT INTO Stol (StolID, StolNr, RadNr, Område, SalID) VALUES (118, 14, 7, '', 2);
INSERT INTO Stol (StolID, StolNr, RadNr, Område, SalID) VALUES (119, 15, 7, '', 2);
INSERT INTO Stol (StolID, StolNr, RadNr, Område, SalID) VALUES (120, 16, 7, '', 2);
INSERT INTO Stol (StolID, StolNr, RadNr, Område, SalID) VALUES (121, 17, 7, '', 2);
INSERT INTO Stol (StolID, StolNr, RadNr, Område, SalID) VALUES (122, 18, 7, '', 2);
INSERT INTO Stol (StolID, StolNr, RadNr, Område, SalID) VALUES (123, 1, 8, '', 2);
INSERT INTO Stol (StolID, StolNr, RadNr, Område, SalID) VALUES (124, 2, 8, '', 2);
INSERT INTO Stol (StolID, StolNr, RadNr, Område, SalID) VALUES (125, 3, 8, '', 2);
INSERT INTO Stol (StolID, StolNr, RadNr, Område, SalID) VALUES (126, 4, 8, '', 2);
INSERT INTO Stol (StolID, StolNr, RadNr, Område, SalID) VALUES (127, 5, 8, '', 2);
INSERT INTO Stol (StolID, StolNr, RadNr, Område, SalID) VALUES (128, 6, 8, '', 2);
INSERT INTO Stol (StolID, StolNr, RadNr, Område, SalID) VALUES (129, 7, 8, '', 2);
INSERT INTO Stol (StolID, StolNr, RadNr, Område, SalID) VALUES (130, 8, 8, '', 2);
INSERT INTO Stol (StolID, StolNr, RadNr, Område, SalID) VALUES (131, 9, 8, '', 2);
INSERT INTO Stol (StolID, StolNr, RadNr, Område, SalID) VALUES (132, 10, 8, '', 2);
INSERT INTO Stol (StolID, StolNr, RadNr, Område, SalID) VALUES (133, 11, 8, '', 2);
INSERT INTO Stol (StolID, StolNr, RadNr, Område, SalID) VALUES (134, 12, 8, '', 2);
INSERT INTO Stol (StolID, StolNr, RadNr, Område, SalID) VALUES (135, 13, 8, '', 2);
INSERT INTO Stol (StolID, StolNr, RadNr, Område, SalID) VALUES (136, 14, 8, '', 2);
INSERT INTO Stol (StolID, StolNr, RadNr, Område, SalID) VALUES (137, 15, 8, '', 2);
INSERT INTO Stol (StolID, StolNr, RadNr, Område, SalID) VALUES (138, 16, 8, '', 2);
INSERT INTO Stol (StolID, StolNr, RadNr, Område, SalID) VALUES (139, 17, 8, '', 2);
INSERT INTO Stol (StolID, StolNr, RadNr, Område, SalID) VALUES (140, 1, 9, '', 2);
INSERT INTO Stol (StolID, StolNr, RadNr, Område, SalID) VALUES (141, 2, 9, '', 2);
INSERT INTO Stol (StolID, StolNr, RadNr, Område, SalID) VALUES (142, 3, 9, '', 2);
INSERT INTO Stol (StolID, StolNr, RadNr, Område, SalID) VALUES (143, 4, 9, '', 2);
INSERT INTO Stol (StolID, StolNr, RadNr, Område, SalID) VALUES (144, 5, 9, '', 2);
INSERT INTO Stol (StolID, StolNr, RadNr, Område, SalID) VALUES (145, 6, 9, '', 2);
INSERT INTO Stol (StolID, StolNr, RadNr, Område, SalID) VALUES (146, 7, 9, '', 2);
INSERT INTO Stol (StolID, StolNr, RadNr, Område, SalID) VALUES (147, 8, 9, '', 2);
INSERT INTO Stol (StolID, StolNr, RadNr, Område, SalID) VALUES (148, 9, 9, '', 2);
INSERT INTO Stol (StolID, StolNr, RadNr, Område, SalID) VALUES (149, 10, 9, '', 2);
INSERT INTO Stol (StolID, StolNr, RadNr, Område, SalID) VALUES (150, 11, 9, '', 2);
INSERT INTO Stol (StolID, StolNr, RadNr, Område, SalID) VALUES (151, 12, 9, '', 2);
INSERT INTO Stol (StolID, StolNr, RadNr, Område, SalID) VALUES (152, 13, 9, '', 2);
INSERT INTO Stol (StolID, StolNr, RadNr, Område, SalID) VALUES (153, 14, 9, '', 2);
INSERT INTO Stol (StolID, StolNr, RadNr, Område, SalID) VALUES (154, 15, 9, '', 2);
INSERT INTO Stol (StolID, StolNr, RadNr, Område, SalID) VALUES (155, 16, 9, '', 2);
INSERT INTO Stol (StolID, StolNr, RadNr, Område, SalID) VALUES (156, 17, 9, '', 2);
INSERT INTO Stol (StolID, StolNr, RadNr, Område, SalID) VALUES (157, 1, 10, '', 2);
INSERT INTO Stol (StolID, StolNr, RadNr, Område, SalID) VALUES (158, 2, 10, '', 2);
INSERT INTO Stol (StolID, StolNr, RadNr, Område, SalID) VALUES (159, 3, 10, '', 2);
INSERT INTO Stol (StolID, StolNr, RadNr, Område, SalID) VALUES (160, 4, 10, '', 2);
INSERT INTO Stol (StolID, StolNr, RadNr, Område, SalID) VALUES (161, 5, 10, '', 2);
INSERT INTO Stol (StolID, StolNr, RadNr, Område, SalID) VALUES (162, 6, 10, '', 2);
INSERT INTO Stol (StolID, StolNr, RadNr, Område, SalID) VALUES (163, 7, 10, '', 2);
INSERT INTO Stol (StolID, StolNr, RadNr, Område, SalID) VALUES (164, 8, 10, '', 2);
INSERT INTO Stol (StolID, StolNr, RadNr, Område, SalID) VALUES (165, 9, 10, '', 2);
INSERT INTO Stol (StolID, StolNr, RadNr, Område, SalID) VALUES (166, 10, 10, '', 2);
INSERT INTO Stol (StolID, StolNr, RadNr, Område, SalID) VALUES (167, 11, 10, '', 2);
INSERT INTO Stol (StolID, StolNr, RadNr, Område, SalID) VALUES (168, 12, 10, '', 2);
INSERT INTO Stol (StolID, StolNr, RadNr, Område, SalID) VALUES (169, 13, 10, '', 2);
INSERT INTO Stol (StolID, StolNr, RadNr, Område, SalID) VALUES (170, 14, 10, '', 2);
INSERT INTO Stol (StolID, StolNr, RadNr, Område, SalID) VALUES (171, 1, 1, 'Parkett', 2);
INSERT INTO Stol (StolID, StolNr, RadNr, Område, SalID) VALUES (172, 2, 1, 'Parkett', 2);
INSERT INTO Stol (StolID, StolNr, RadNr, Område, SalID) VALUES (173, 3, 1, 'Parkett', 2);
INSERT INTO Stol (StolID, StolNr, RadNr, Område, SalID) VALUES (174, 4, 1, 'Parkett', 2);
INSERT INTO Stol (StolID, StolNr, RadNr, Område, SalID) VALUES (175, 5, 1, 'Parkett', 2);
INSERT INTO Stol (StolID, StolNr, RadNr, Område, SalID) VALUES (176, 6, 1, 'Parkett', 2);
INSERT INTO Stol (StolID, StolNr, RadNr, Område, SalID) VALUES (177, 7, 1, 'Parkett', 2);
INSERT INTO Stol (StolID, StolNr, RadNr, Område, SalID) VALUES (178, 8, 1, 'Parkett', 2);
INSERT INTO Stol (StolID, StolNr, RadNr, Område, SalID) VALUES (179, 9, 1, 'Parkett', 2);
INSERT INTO Stol (StolID, StolNr, RadNr, Område, SalID) VALUES (180, 10, 1, 'Parkett', 2);
INSERT INTO Stol (StolID, StolNr, RadNr, Område, SalID) VALUES (181, 11, 1, 'Parkett', 2);
INSERT INTO Stol (StolID, StolNr, RadNr, Område, SalID) VALUES (182, 12, 1, 'Parkett', 2);
INSERT INTO Stol (StolID, StolNr, RadNr, Område, SalID) VALUES (183, 13, 1, 'Parkett', 2);
INSERT INTO Stol (StolID, StolNr, RadNr, Område, SalID) VALUES (184, 14, 1, 'Parkett', 2);
INSERT INTO Stol (StolID, StolNr, RadNr, Område, SalID) VALUES (185, 15, 1, 'Parkett', 2);
INSERT INTO Stol (StolID, StolNr, RadNr, Område, SalID) VALUES (186, 16, 1, 'Parkett', 2);
INSERT INTO Stol (StolID, StolNr, RadNr, Område, SalID) VALUES (187, 17, 1, 'Parkett', 2);
INSERT INTO Stol (StolID, StolNr, RadNr, Område, SalID) VALUES (188, 18, 1, 'Parkett', 2);
INSERT INTO Stol (StolID, StolNr, RadNr, Område, SalID) VALUES (189, 19, 1, 'Parkett', 2);
INSERT INTO Stol (StolID, StolNr, RadNr, Område, SalID) VALUES (190, 20, 1, 'Parkett', 2);
INSERT INTO Stol (StolID, StolNr, RadNr, Område, SalID) VALUES (191, 21, 1, 'Parkett', 2);
INSERT INTO Stol (StolID, StolNr, RadNr, Område, SalID) VALUES (192, 22, 1, 'Parkett', 2);
INSERT INTO Stol (StolID, StolNr, RadNr, Område, SalID) VALUES (193, 23, 1, 'Parkett', 2);
INSERT INTO Stol (StolID, StolNr, RadNr, Område, SalID) VALUES (194, 24, 1, 'Parkett', 2);
INSERT INTO Stol (StolID, StolNr, RadNr, Område, SalID) VALUES (195, 25, 1, 'Parkett', 2);
INSERT INTO Stol (StolID, StolNr, RadNr, Område, SalID) VALUES (196, 26, 1, 'Parkett', 2);
INSERT INTO Stol (StolID, StolNr, RadNr, Område, SalID) VALUES (197, 27, 1, 'Parkett', 2);
INSERT INTO Stol (StolID, StolNr, RadNr, Område, SalID) VALUES (198, 28, 1, 'Parkett', 2);
INSERT INTO Stol (StolID, StolNr, RadNr, Område, SalID) VALUES (199, 1, 2, 'Parkett', 2);
INSERT INTO Stol (StolID, StolNr, RadNr, Område, SalID) VALUES (200, 2, 2, 'Parkett', 2);
INSERT INTO Stol (StolID, StolNr, RadNr, Område, SalID) VALUES (201, 3, 2, 'Parkett', 2);
INSERT INTO Stol (StolID, StolNr, RadNr, Område, SalID) VALUES (202, 4, 2, 'Parkett', 2);
INSERT INTO Stol (StolID, StolNr, RadNr, Område, SalID) VALUES (203, 5, 2, 'Parkett', 2);
INSERT INTO Stol (StolID, StolNr, RadNr, Område, SalID) VALUES (204, 6, 2, 'Parkett', 2);
INSERT INTO Stol (StolID, StolNr, RadNr, Område, SalID) VALUES (205, 7, 2, 'Parkett', 2);
INSERT INTO Stol (StolID, StolNr, RadNr, Område, SalID) VALUES (206, 8, 2, 'Parkett', 2);
INSERT INTO Stol (StolID, StolNr, RadNr, Område, SalID) VALUES (207, 9, 2, 'Parkett', 2);
INSERT INTO Stol (StolID, StolNr, RadNr, Område, SalID) VALUES (208, 10, 2, 'Parkett', 2);
INSERT INTO Stol (StolID, StolNr, RadNr, Område, SalID) VALUES (209, 11, 2, 'Parkett', 2);
INSERT INTO Stol (StolID, StolNr, RadNr, Område, SalID) VALUES (210, 12, 2, 'Parkett', 2);
INSERT INTO Stol (StolID, StolNr, RadNr, Område, SalID) VALUES (211, 13, 2, 'Parkett', 2);
INSERT INTO Stol (StolID, StolNr, RadNr, Område, SalID) VALUES (212, 14, 2, 'Parkett', 2);
INSERT INTO Stol (StolID, StolNr, RadNr, Område, SalID) VALUES (213, 15, 2, 'Parkett', 2);
INSERT INTO Stol (StolID, StolNr, RadNr, Område, SalID) VALUES (214, 16, 2, 'Parkett', 2);
INSERT INTO Stol (StolID, StolNr, RadNr, Område, SalID) VALUES (215, 17, 2, 'Parkett', 2);
INSERT INTO Stol (StolID, StolNr, RadNr, Område, SalID) VALUES (216, 18, 2, 'Parkett', 2);
INSERT INTO Stol (StolID, StolNr, RadNr, Område, SalID) VALUES (217, 19, 2, 'Parkett', 2);
INSERT INTO Stol (StolID, StolNr, RadNr, Område, SalID) VALUES (218, 20, 2, 'Parkett', 2);
INSERT INTO Stol (StolID, StolNr, RadNr, Område, SalID) VALUES (219, 21, 2, 'Parkett', 2);
INSERT INTO Stol (StolID, StolNr, RadNr, Område, SalID) VALUES (220, 22, 2, 'Parkett', 2);
INSERT INTO Stol (StolID, StolNr, RadNr, Område, SalID) VALUES (221, 23, 2, 'Parkett', 2);
INSERT INTO Stol (StolID, StolNr, RadNr, Område, SalID) VALUES (222, 24, 2, 'Parkett', 2);
INSERT INTO Stol (StolID, StolNr, RadNr, Område, SalID) VALUES (223, 25, 2, 'Parkett', 2);
INSERT INTO Stol (StolID, StolNr, RadNr, Område, SalID) VALUES (224, 26, 2, 'Parkett', 2);
INSERT INTO Stol (StolID, StolNr, RadNr, Område, SalID) VALUES (225, 27, 2, 'Parkett', 2);
INSERT INTO Stol (StolID, StolNr, RadNr, Område, SalID) VALUES (226, 1, 3, 'Parkett', 2);
INSERT INTO Stol (StolID, StolNr, RadNr, Område, SalID) VALUES (227, 2, 3, 'Parkett', 2);
INSERT INTO Stol (StolID, StolNr, RadNr, Område, SalID) VALUES (228, 3, 3, 'Parkett', 2);
INSERT INTO Stol (StolID, StolNr, RadNr, Område, SalID) VALUES (229, 4, 3, 'Parkett', 2);
INSERT INTO Stol (StolID, StolNr, RadNr, Område, SalID) VALUES (230, 5, 3, 'Parkett', 2);
INSERT INTO Stol (StolID, StolNr, RadNr, Område, SalID) VALUES (231, 6, 3, 'Parkett', 2);
INSERT INTO Stol (StolID, StolNr, RadNr, Område, SalID) VALUES (232, 7, 3, 'Parkett', 2);
INSERT INTO Stol (StolID, StolNr, RadNr, Område, SalID) VALUES (233, 8, 3, 'Parkett', 2);
INSERT INTO Stol (StolID, StolNr, RadNr, Område, SalID) VALUES (234, 9, 3, 'Parkett', 2);
INSERT INTO Stol (StolID, StolNr, RadNr, Område, SalID) VALUES (235, 10, 3, 'Parkett', 2);
INSERT INTO Stol (StolID, StolNr, RadNr, Område, SalID) VALUES (236, 11, 3, 'Parkett', 2);
INSERT INTO Stol (StolID, StolNr, RadNr, Område, SalID) VALUES (237, 12, 3, 'Parkett', 2);
INSERT INTO Stol (StolID, StolNr, RadNr, Område, SalID) VALUES (238, 13, 3, 'Parkett', 2);
INSERT INTO Stol (StolID, StolNr, RadNr, Område, SalID) VALUES (239, 14, 3, 'Parkett', 2);
INSERT INTO Stol (StolID, StolNr, RadNr, Område, SalID) VALUES (240, 15, 3, 'Parkett', 2);
INSERT INTO Stol (StolID, StolNr, RadNr, Område, SalID) VALUES (241, 16, 3, 'Parkett', 2);
INSERT INTO Stol (StolID, StolNr, RadNr, Område, SalID) VALUES (242, 17, 3, 'Parkett', 2);
INSERT INTO Stol (StolID, StolNr, RadNr, Område, SalID) VALUES (243, 18, 3, 'Parkett', 2);
INSERT INTO Stol (StolID, StolNr, RadNr, Område, SalID) VALUES (244, 19, 3, 'Parkett', 2);
INSERT INTO Stol (StolID, StolNr, RadNr, Område, SalID) VALUES (245, 20, 3, 'Parkett', 2);
INSERT INTO Stol (StolID, StolNr, RadNr, Område, SalID) VALUES (246, 21, 3, 'Parkett', 2);
INSERT INTO Stol (StolID, StolNr, RadNr, Område, SalID) VALUES (247, 22, 3, 'Parkett', 2);
INSERT INTO Stol (StolID, StolNr, RadNr, Område, SalID) VALUES (248, 1, 4, 'Parkett', 2);
INSERT INTO Stol (StolID, StolNr, RadNr, Område, SalID) VALUES (249, 2, 4, 'Parkett', 2);
INSERT INTO Stol (StolID, StolNr, RadNr, Område, SalID) VALUES (250, 3, 4, 'Parkett', 2);
INSERT INTO Stol (StolID, StolNr, RadNr, Område, SalID) VALUES (251, 4, 4, 'Parkett', 2);
INSERT INTO Stol (StolID, StolNr, RadNr, Område, SalID) VALUES (252, 5, 4, 'Parkett', 2);
INSERT INTO Stol (StolID, StolNr, RadNr, Område, SalID) VALUES (253, 6, 4, 'Parkett', 2);
INSERT INTO Stol (StolID, StolNr, RadNr, Område, SalID) VALUES (254, 7, 4, 'Parkett', 2);
INSERT INTO Stol (StolID, StolNr, RadNr, Område, SalID) VALUES (255, 8, 4, 'Parkett', 2);
INSERT INTO Stol (StolID, StolNr, RadNr, Område, SalID) VALUES (256, 9, 4, 'Parkett', 2);
INSERT INTO Stol (StolID, StolNr, RadNr, Område, SalID) VALUES (257, 10, 4, 'Parkett', 2);
INSERT INTO Stol (StolID, StolNr, RadNr, Område, SalID) VALUES (258, 11, 4, 'Parkett', 2);
INSERT INTO Stol (StolID, StolNr, RadNr, Område, SalID) VALUES (259, 12, 4, 'Parkett', 2);
INSERT INTO Stol (StolID, StolNr, RadNr, Område, SalID) VALUES (260, 13, 4, 'Parkett', 2);
INSERT INTO Stol (StolID, StolNr, RadNr, Område, SalID) VALUES (261, 14, 4, 'Parkett', 2);
INSERT INTO Stol (StolID, StolNr, RadNr, Område, SalID) VALUES (262, 15, 4, 'Parkett', 2);
INSERT INTO Stol (StolID, StolNr, RadNr, Område, SalID) VALUES (263, 16, 4, 'Parkett', 2);
INSERT INTO Stol (StolID, StolNr, RadNr, Område, SalID) VALUES (264, 17, 4, 'Parkett', 2);
INSERT INTO Stol (StolID, StolNr, RadNr, Område, SalID) VALUES (265, 1, 1, 'Balkong', 2);
INSERT INTO Stol (StolID, StolNr, RadNr, Område, SalID) VALUES (266, 2, 1, 'Balkong', 2);
INSERT INTO Stol (StolID, StolNr, RadNr, Område, SalID) VALUES (267, 3, 1, 'Balkong', 2);
INSERT INTO Stol (StolID, StolNr, RadNr, Område, SalID) VALUES (268, 4, 1, 'Balkong', 2);
INSERT INTO Stol (StolID, StolNr, RadNr, Område, SalID) VALUES (269, 5, 1, 'Balkong', 2);
INSERT INTO Stol (StolID, StolNr, RadNr, Område, SalID) VALUES (270, 6, 1, 'Balkong', 2);
INSERT INTO Stol (StolID, StolNr, RadNr, Område, SalID) VALUES (271, 7, 1, 'Balkong', 2);
INSERT INTO Stol (StolID, StolNr, RadNr, Område, SalID) VALUES (272, 8, 1, 'Balkong', 2);
INSERT INTO Stol (StolID, StolNr, RadNr, Område, SalID) VALUES (273, 9, 1, 'Balkong', 2);
INSERT INTO Stol (StolID, StolNr, RadNr, Område, SalID) VALUES (274, 10, 1, 'Balkong', 2);
INSERT INTO Stol (StolID, StolNr, RadNr, Område, SalID) VALUES (275, 11, 1, 'Balkong', 2);
INSERT INTO Stol (StolID, StolNr, RadNr, Område, SalID) VALUES (276, 12, 1, 'Balkong', 2);
INSERT INTO Stol (StolID, StolNr, RadNr, Område, SalID) VALUES (277, 13, 1, 'Balkong', 2);
INSERT INTO Stol (StolID, StolNr, RadNr, Område, SalID) VALUES (278, 14, 1, 'Balkong', 2);
INSERT INTO Stol (StolID, StolNr, RadNr, Område, SalID) VALUES (279, 15, 1, 'Balkong', 2);
INSERT INTO Stol (StolID, StolNr, RadNr, Område, SalID) VALUES (280, 16, 1, 'Balkong', 2);
INSERT INTO Stol (StolID, StolNr, RadNr, Område, SalID) VALUES (281, 17, 1, 'Balkong', 2);
INSERT INTO Stol (StolID, StolNr, RadNr, Område, SalID) VALUES (282, 18, 1, 'Balkong', 2);
INSERT INTO Stol (StolID, StolNr, RadNr, Område, SalID) VALUES (283, 19, 1, 'Balkong', 2);
INSERT INTO Stol (StolID, StolNr, RadNr, Område, SalID) VALUES (284, 20, 1, 'Balkong', 2);
INSERT INTO Stol (StolID, StolNr, RadNr, Område, SalID) VALUES (285, 21, 1, 'Balkong', 2);
INSERT INTO Stol (StolID, StolNr, RadNr, Område, SalID) VALUES (286, 22, 1, 'Balkong', 2);
INSERT INTO Stol (StolID, StolNr, RadNr, Område, SalID) VALUES (287, 23, 1, 'Balkong', 2);
INSERT INTO Stol (StolID, StolNr, RadNr, Område, SalID) VALUES (288, 24, 1, 'Balkong', 2);
INSERT INTO Stol (StolID, StolNr, RadNr, Område, SalID) VALUES (289, 25, 1, 'Balkong', 2);
INSERT INTO Stol (StolID, StolNr, RadNr, Område, SalID) VALUES (290, 26, 1, 'Balkong', 2);
INSERT INTO Stol (StolID, StolNr, RadNr, Område, SalID) VALUES (291, 27, 1, 'Balkong', 2);
INSERT INTO Stol (StolID, StolNr, RadNr, Område, SalID) VALUES (292, 28, 1, 'Balkong', 2);
INSERT INTO Stol (StolID, StolNr, RadNr, Område, SalID) VALUES (293, 29, 1, 'Balkong', 2);
INSERT INTO Stol (StolID, StolNr, RadNr, Område, SalID) VALUES (294, 30, 1, 'Balkong', 2);
INSERT INTO Stol (StolID, StolNr, RadNr, Område, SalID) VALUES (295, 31, 1, 'Balkong', 2);
INSERT INTO Stol (StolID, StolNr, RadNr, Område, SalID) VALUES (296, 32, 1, 'Balkong', 2);
INSERT INTO Stol (StolID, StolNr, RadNr, Område, SalID) VALUES (297, 33, 1, 'Balkong', 2);
INSERT INTO Stol (StolID, StolNr, RadNr, Område, SalID) VALUES (298, 1, 2, 'Balkong', 2);
INSERT INTO Stol (StolID, StolNr, RadNr, Område, SalID) VALUES (299, 2, 2, 'Balkong', 2);
INSERT INTO Stol (StolID, StolNr, RadNr, Område, SalID) VALUES (300, 3, 2, 'Balkong', 2);
INSERT INTO Stol (StolID, StolNr, RadNr, Område, SalID) VALUES (301, 4, 2, 'Balkong', 2);
INSERT INTO Stol (StolID, StolNr, RadNr, Område, SalID) VALUES (302, 5, 2, 'Balkong', 2);
INSERT INTO Stol (StolID, StolNr, RadNr, Område, SalID) VALUES (303, 6, 2, 'Balkong', 2);
INSERT INTO Stol (StolID, StolNr, RadNr, Område, SalID) VALUES (304, 7, 2, 'Balkong', 2);
INSERT INTO Stol (StolID, StolNr, RadNr, Område, SalID) VALUES (305, 8, 2, 'Balkong', 2);
INSERT INTO Stol (StolID, StolNr, RadNr, Område, SalID) VALUES (306, 9, 2, 'Balkong', 2);
INSERT INTO Stol (StolID, StolNr, RadNr, Område, SalID) VALUES (307, 10, 2, 'Balkong', 2);
INSERT INTO Stol (StolID, StolNr, RadNr, Område, SalID) VALUES (308, 11, 2, 'Balkong', 2);
INSERT INTO Stol (StolID, StolNr, RadNr, Område, SalID) VALUES (309, 12, 2, 'Balkong', 2);
INSERT INTO Stol (StolID, StolNr, RadNr, Område, SalID) VALUES (310, 13, 2, 'Balkong', 2);
INSERT INTO Stol (StolID, StolNr, RadNr, Område, SalID) VALUES (311, 14, 2, 'Balkong', 2);
INSERT INTO Stol (StolID, StolNr, RadNr, Område, SalID) VALUES (312, 15, 2, 'Balkong', 2);
INSERT INTO Stol (StolID, StolNr, RadNr, Område, SalID) VALUES (313, 16, 2, 'Balkong', 2);
INSERT INTO Stol (StolID, StolNr, RadNr, Område, SalID) VALUES (314, 17, 2, 'Balkong', 2);
INSERT INTO Stol (StolID, StolNr, RadNr, Område, SalID) VALUES (315, 18, 2, 'Balkong', 2);
INSERT INTO Stol (StolID, StolNr, RadNr, Område, SalID) VALUES (316, 1, 3, 'Balkong', 2);
INSERT INTO Stol (StolID, StolNr, RadNr, Område, SalID) VALUES (317, 2, 3, 'Balkong', 2);
INSERT INTO Stol (StolID, StolNr, RadNr, Område, SalID) VALUES (318, 3, 3, 'Balkong', 2);
INSERT INTO Stol (StolID, StolNr, RadNr, Område, SalID) VALUES (319, 4, 3, 'Balkong', 2);
INSERT INTO Stol (StolID, StolNr, RadNr, Område, SalID) VALUES (320, 5, 3, 'Balkong', 2);
INSERT INTO Stol (StolID, StolNr, RadNr, Område, SalID) VALUES (321, 6, 3, 'Balkong', 2);
INSERT INTO Stol (StolID, StolNr, RadNr, Område, SalID) VALUES (322, 7, 3, 'Balkong', 2);
INSERT INTO Stol (StolID, StolNr, RadNr, Område, SalID) VALUES (323, 8, 3, 'Balkong', 2);
INSERT INTO Stol (StolID, StolNr, RadNr, Område, SalID) VALUES (324, 9, 3, 'Balkong', 2);
INSERT INTO Stol (StolID, StolNr, RadNr, Område, SalID) VALUES (325, 10, 3, 'Balkong', 2);
INSERT INTO Stol (StolID, StolNr, RadNr, Område, SalID) VALUES (326, 11, 3, 'Balkong', 2);
INSERT INTO Stol (StolID, StolNr, RadNr, Område, SalID) VALUES (327, 12, 3, 'Balkong', 2);
INSERT INTO Stol (StolID, StolNr, RadNr, Område, SalID) VALUES (328, 13, 3, 'Balkong', 2);
INSERT INTO Stol (StolID, StolNr, RadNr, Område, SalID) VALUES (329, 14, 3, 'Balkong', 2);
INSERT INTO Stol (StolID, StolNr, RadNr, Område, SalID) VALUES (330, 15, 3, 'Balkong', 2);
INSERT INTO Stol (StolID, StolNr, RadNr, Område, SalID) VALUES (331, 16, 3, 'Balkong', 2);
INSERT INTO Stol (StolID, StolNr, RadNr, Område, SalID) VALUES (332, 17, 3, 'Balkong', 2);
INSERT INTO Stol (StolID, StolNr, RadNr, Område, SalID) VALUES (333, 1, 1, 'Galleri', 2);
INSERT INTO Stol (StolID, StolNr, RadNr, Område, SalID) VALUES (334, 2, 1, 'Galleri', 2);
INSERT INTO Stol (StolID, StolNr, RadNr, Område, SalID) VALUES (335, 3, 1, 'Galleri', 2);
INSERT INTO Stol (StolID, StolNr, RadNr, Område, SalID) VALUES (336, 4, 1, 'Galleri', 2);
INSERT INTO Stol (StolID, StolNr, RadNr, Område, SalID) VALUES (337, 5, 1, 'Galleri', 2);
INSERT INTO Stol (StolID, StolNr, RadNr, Område, SalID) VALUES (338, 6, 1, 'Galleri', 2);
INSERT INTO Stol (StolID, StolNr, RadNr, Område, SalID) VALUES (339, 7, 1, 'Galleri', 2);
INSERT INTO Stol (StolID, StolNr, RadNr, Område, SalID) VALUES (340, 8, 1, 'Galleri', 2);
INSERT INTO Stol (StolID, StolNr, RadNr, Område, SalID) VALUES (341, 9, 1, 'Galleri', 2);
INSERT INTO Stol (StolID, StolNr, RadNr, Område, SalID) VALUES (342, 10, 1, 'Galleri', 2);
INSERT INTO Stol (StolID, StolNr, RadNr, Område, SalID) VALUES (343, 11, 1, 'Galleri', 2);
INSERT INTO Stol (StolID, StolNr, RadNr, Område, SalID) VALUES (344, 12, 1, 'Galleri', 2);
INSERT INTO Stol (StolID, StolNr, RadNr, Område, SalID) VALUES (345, 13, 1, 'Galleri', 2);
INSERT INTO Stol (StolID, StolNr, RadNr, Område, SalID) VALUES (346, 14, 1, 'Galleri', 2);
INSERT INTO Stol (StolID, StolNr, RadNr, Område, SalID) VALUES (347, 15, 1, 'Galleri', 2);


-- BillettType
INSERT INTO BillettType (BillettTypeID, Gruppestatus, KundeType) VALUES (1, False, 'Ordinær');
INSERT INTO BillettType (BillettTypeID, Gruppestatus, KundeType) VALUES (2, False, 'Honnør');
INSERT INTO BillettType (BillettTypeID, Gruppestatus, KundeType) VALUES (3, False, 'Student');
INSERT INTO BillettType (BillettTypeID, Gruppestatus, KundeType) VALUES (4, False, 'Barn');
INSERT INTO BillettType (BillettTypeID, Gruppestatus, KundeType) VALUES (5, True, 'Ordinær');
INSERT INTO BillettType (BillettTypeID, Gruppestatus, KundeType) VALUES (6, True, 'Honnør');


-- Pris
INSERT INTO Pris (BillettTypeID, Tittel, Pris) VALUES (1, 'Kongsemnene', 450);
INSERT INTO Pris (BillettTypeID, Tittel, Pris) VALUES (2, 'Kongsemnene', 380);
INSERT INTO Pris (BillettTypeID, Tittel, Pris) VALUES (3, 'Kongsemnene', 280);
INSERT INTO Pris (BillettTypeID, Tittel, Pris) VALUES (5, 'Kongsemnene', 420);
INSERT INTO Pris (BillettTypeID, Tittel, Pris) VALUES (6, 'Kongsemnene', 360);
INSERT INTO Pris (BillettTypeID, Tittel, Pris) VALUES (1, 'Størst av alt er kjærligheten', 350);
INSERT INTO Pris (BillettTypeID, Tittel, Pris) VALUES (2, 'Størst av alt er kjærligheten', 300);
INSERT INTO Pris (BillettTypeID, Tittel, Pris) VALUES (3, 'Størst av alt er kjærligheten', 220);
INSERT INTO Pris (BillettTypeID, Tittel, Pris) VALUES (4, 'Størst av alt er kjærligheten', 220);
INSERT INTO Pris (BillettTypeID, Tittel, Pris) VALUES (5, 'Størst av alt er kjærligheten', 320);
INSERT INTO Pris (BillettTypeID, Tittel, Pris) VALUES (6, 'Størst av alt er kjærligheten', 270);



-- Kunde
INSERT INTO Kunde (KundeID, TlfNr, Fornavn, Etternavn, Adresse, KundeType) VALUES ();

-- Billett
INSERT INTO Billett (BillettID, StolID, Tittel, Dato, BillettTypeID) VALUES ();

-- Billetkjøp
INSERT INTO Billetkjøp (KundeID, BillettID, Dato, Tid) VALUES ();


